img,pan_prob,pan_action,mean_dist,yol_prob,yol_action
001100,0.445,4,0,1.0,7
001139,0.406,4,0,1.0,7
000188,0.522,2,20.5669,0.959,1
001150,0.343,4,0,1.0,7
001259,0.421,6,0.0,0.0,5
000004,0.541,1,0,1.0,7
001117,0.398,4,0,1.0,7
000240,0.5,1,0,1.0,7
001009,0.485,3,0,1.0,7
001322,0.541,6,0,1.0,7
001331,0.378,6,0,1.0,7
001379,0.422,6,0,1.0,7
001354,0.321,6,0,1.0,7
000405,0.564,1,0,1.0,7
001122,0.284,4,0,1.0,7
001036,0.459,4,6.75109,0.259,1
001387,0.371,6,0,1.0,7
000870,0.354,3,28.58969,0.566,5
000122,0.567,1,0.0,0.0,1
001389,0.327,6,0,1.0,7
000164,0.509,2,40.75184,0.844,1
001141,0.309,4,0,1.0,7
001305,0.334,6,0,1.0,7
001229,0.323,6,0,1.0,7
000075,0.525,2,7.08163,0.589,1
000999,0.379,3,0,1.0,7
000904,0.398,3,0,1.0,7
000181,0.539,2,28.10006,0.81,1
001161,0.307,4,0,1.0,7
001054,0.289,6,0,1.0,7
001306,0.316,6,0,1.0,7
001360,0.49,6,0,1.0,7
000906,0.299,3,9.9687,0.386,5
000104,0.389,3,19.42143,0.678,5
000223,0.502,1,0,1.0,7
000885,0.338,3,0,1.0,7
001207,0.394,6,5.2343,0.811,5
001292,0.388,6,0,1.0,7
000887,0.519,3,0.0,0.0,3
000395,0.527,1,0.0,0.0,1
001021,0.332,1,0,1.0,7
001064,0.439,4,0,1.0,7
001047,0.443,3,0,1.0,7
000246,0.54,1,0,1.0,7
001342,0.364,6,0,1.0,7
001001,0.478,3,0,1.0,7
000272,0.508,1,0,1.0,7
000239,0.537,2,0,1.0,7
001136,0.412,4,0,1.0,7
000863,0.485,3,0,1.0,7
001104,0.354,4,0,1.0,7
000024,0.511,1,7.72112,0.368,1
000073,0.553,1,0.0,0.0,1
000071,0.525,2,0.0,0.0,1
001165,0.461,4,0,1.0,7
000990,0.404,3,18.78505,0.615,5
000869,0.547,3,26.20347,0.302,3
000158,0.533,1,0,1.0,7
000923,0.432,3,21.64982,0.625,3
000011,0.541,1,0,1.0,7
000293,0.5,1,5.58088,0.509,3
001090,0.426,4,0,1.0,7
000289,0.523,2,0,1.0,7
001386,0.355,6,0,1.0,7
000934,0.429,3,1.11803,0.308,5
000873,0.471,3,10.54701,0.4,3
000065,0.507,2,0,1.0,7
000148,0.5,1,34.0466,0.59,1
000919,0.397,4,6.79779,0.46,3
000177,0.512,1,0.0,0.22,1
001146,0.411,3,0,1.0,7
000109,0.507,1,18.33207,0.765,1
000846,0.447,3,0.0,0.0,3
000803,0.539,3,20.8495,0.511,3
000898,0.539,3,0,1.0,7
000946,0.331,4,0,1.0,7
000903,0.393,3,35.51014,0.579,5
001188,0.27,4,0,1.0,7
001215,0.279,4,35.70677,0.428,3
000900,0.389,3,19.42143,0.678,5
001338,0.342,3,0,1.0,7
001332,0.292,6,0,1.0,7
000921,0.355,3,4.56724,0.596,5
001164,0.335,4,0,1.0,7
000979,0.43,3,0,1.0,7
000064,0.507,2,0,1.0,7
001152,0.353,3,2.76134,0.243,3
001129,0.456,4,0,1.0,7
000155,0.587,1,11.70595,0.555,1
000233,0.504,2,0,1.0,7
000056,0.505,1,12.48395,0.9,1
001293,0.27,4,1.06552,0.554,5
001266,0.436,6,3.59708,0.628,5
001180,0.399,4,0,1.0,7
001221,0.487,6,5.6248,0.753,5
000198,0.517,1,30.41487,0.829,1
000187,0.549,1,20.21191,0.716,1
001166,0.367,4,0,1.0,7
000192,0.499,1,15.67125,0.971,1
000992,0.37,4,0,1.0,7
000810,0.442,3,19.01035,0.56,5
001316,0.418,6,0,1.0,7
001291,0.281,4,6.58426,0.175,5
000136,0.518,1,35.65677,0.407,1
000940,0.423,4,0,1.0,7
001380,0.35,6,0,1.0,7
001006,0.429,3,0,1.0,7
000048,0.544,1,29.97412,0.811,1
000270,0.501,2,0,1.0,7
000956,0.442,4,19.55075,0.433,3
000318,0.506,2,0,1.0,7
000351,0.538,1,0.0,0.0,5
001281,0.281,4,5.06443,0.787,5
000837,0.377,3,0.0,0.0,3
000237,0.498,1,0,1.0,7
000199,0.519,2,0,1.0,7
000854,0.43,4,0.0,0.0,5
000976,0.378,3,0,1.0,7
000947,0.455,4,0,1.0,7
001169,0.382,4,0,1.0,7
001149,0.447,3,0,1.0,7
000899,0.48,4,23.05647,0.708,3
001371,0.277,4,0,1.0,7
000025,0.54,1,23.0051,0.786,1
000943,0.407,4,0,1.0,7
001045,0.492,4,0,1.0,7
000267,0.532,2,0,1.0,7
000117,0.552,2,3.39987,0.469,1
001227,0.46,6,16.63086,0.658,5
001095,0.396,3,0,1.0,7
000021,0.501,1,0.0,0.0,1
000125,0.51,1,34.94257,0.883,1
000019,0.507,1,0,1.0,7
001240,0.407,6,0.0,0.0,5
001235,0.38,6,0,1.0,7
000828,0.425,3,8.70977,0.799,5
000110,0.542,2,0.0,0.0,1
000871,0.473,3,17.28848,0.318,3
001189,0.406,6,0,1.0,7
001311,0.274,6,0,1.0,7
000040,0.492,1,0,1.0,7
000001,0.517,1,31.73511,0.679,1
001062,0.276,6,0,1.0,7
000324,0.524,2,0,1.0,7
001079,0.452,4,0,1.0,7
001097,0.441,4,0,1.0,7
001393,0.441,6,0,1.0,7
001120,0.301,4,0,1.0,7
001121,0.357,4,0,1.0,7
000069,0.515,1,0,1.0,7
001289,0.368,6,0,1.0,7
000332,0.503,1,0,1.0,7
001395,0.276,4,0,1.0,7
001108,0.348,4,0,1.0,7
000119,0.564,1,25.3846,0.785,1
000274,0.535,2,0,1.0,7
000039,0.522,2,20.5669,0.959,1
000153,0.514,2,20.16439,0.237,1
001364,0.566,6,0,1.0,7
000312,0.533,2,0,1.0,7
000403,0.57,2,0,1.0,7
001058,0.449,4,0,1.0,7
001013,0.479,4,0.0,0.0,1
000219,0.548,2,0,1.0,7
000327,0.521,2,0,1.0,7
000325,0.499,1,0,1.0,7
001061,0.416,4,0,1.0,7
000895,0.46,3,0,1.0,7
001390,0.436,6,0,1.0,7
000329,0.578,2,0,1.0,7
001160,0.506,3,0,1.0,7
001201,0.34,6,1.59533,0.346,5
000969,0.286,6,17.67291,0.699,5
001330,0.413,6,0,1.0,7
000286,0.53,1,0,1.0,7
000401,0.55,1,0,1.0,7
000303,0.501,1,0,1.0,7
000823,0.456,3,2.85175,0.272,5
000144,0.521,2,35.38609,0.635,1
000202,0.5,1,0,1.0,7
000129,0.526,2,4.82701,0.75,1
000280,0.499,1,0,1.0,7
001334,0.384,6,0,1.0,7
001378,0.527,6,0,1.0,7
001084,0.439,3,0,1.0,7
001312,0.456,6,0,1.0,7
000938,0.392,4,0,1.0,7
000890,0.422,4,0,1.0,7
001277,0.361,6,7.35859,0.495,5
001404,0.292,6,0,1.0,7
001290,0.285,6,2.51617,0.384,5
001258,0.39,6,5.86416,0.456,5
000860,0.421,4,0,1.0,7
000913,0.283,4,0.0,0.0,5
001174,0.461,4,0,1.0,7
000337,0.424,1,0,1.0,7
000340,0.5,1,1.66208,0.177,1
001268,0.291,6,4.3591,0.429,5
001247,0.433,6,0,1.0,7
001265,0.338,4,0,1.0,7
000341,0.55,1,0,1.0,7
000258,0.513,1,0,1.0,7
000328,0.521,2,0,1.0,7
001010,0.437,4,0,1.0,7
000951,0.284,4,19.75848,0.692,5
000093,0.506,1,0,1.0,7
001361,0.417,6,0,1.0,7
001192,0.484,3,0,1.0,7
000076,0.508,2,0,1.0,7
001273,0.357,6,0,1.0,7
001301,0.39,6,0,1.0,7
001345,0.373,6,0,1.0,7
000389,0.531,2,0,1.0,7
000917,0.377,4,18.03318,0.507,3
000335,0.494,1,0,1.0,7
000212,0.508,1,0,1.0,7
001321,0.462,6,0,1.0,7
001239,0.387,6,4.19623,0.698,5
000406,0.519,1,0,1.0,7
000367,0.522,1,0,1.0,7
001112,0.382,4,0,1.0,7
000049,0.485,1,0,1.0,7
000876,0.491,3,15.138,0.635,5
001156,0.333,4,0,1.0,7
000030,0.485,1,21.45037,0.697,1
000121,0.519,2,20.51416,0.913,1
000265,0.507,1,0,1.0,7
000068,0.541,1,0.0,0.0,1
000099,0.54,2,6.50019,0.283,1
001341,0.325,4,0,1.0,7
000168,0.506,2,0.0,0.0,1
000222,0.502,1,0,1.0,7
001085,0.484,3,0,1.0,7
000046,0.51,2,0,1.0,7
000092,0.506,1,0,1.0,7
001355,0.492,6,0,1.0,7
001172,0.385,4,0,1.0,7
001118,0.445,4,0,1.0,7
001027,0.475,3,0,1.0,7
001226,0.43,4,1.69189,0.182,5
001357,0.276,4,0,1.0,7
000146,0.526,1,39.62233,0.664,1
001296,0.281,4,3.90174,0.468,3
000183,0.516,1,20.55057,0.93,1
001275,0.381,6,7.08426,0.769,5
000224,0.534,2,0,1.0,7
001050,0.427,3,0,1.0,7
000085,0.54,1,29.86906,0.901,1
001091,0.564,3,0,1.0,7
000299,0.534,2,0,1.0,7
000086,0.507,1,20.67223,0.668,1
001245,0.415,6,6.77625,0.78,5
000200,0.502,1,0,1.0,7
000882,0.363,3,0.0,0.0,5
001232,0.343,6,0,1.0,7
001224,0.388,6,10.73265,0.818,5
001110,0.298,4,0,1.0,7
001103,0.481,4,0,1.0,7
001131,0.322,3,0,1.0,7
000955,0.41,3,34.10015,0.257,5
000320,0.446,1,0,1.0,7
000376,0.551,1,0,1.0,7
001359,0.399,6,0,1.0,7
000363,0.507,2,0,1.0,7
001205,0.358,6,0.0,0.0,3
000017,0.495,1,46.84511,0.52,1
000309,0.502,2,0,1.0,7
000381,0.547,1,0,1.0,7
000087,0.507,1,20.67223,0.668,1
000094,0.566,2,0,1.0,7
000964,0.291,6,0,1.0,7
001198,0.32,6,0,1.0,7
001399,0.479,6,0,1.0,7
001255,0.404,6,0,1.0,7
000061,0.508,2,0,1.0,7
000070,0.515,1,0,1.0,7
000295,0.502,1,0,1.0,7
000127,0.524,1,25.54918,0.577,1
000227,0.498,2,0,1.0,7
000055,0.54,2,0,1.0,7
000832,0.442,3,0.0,0.0,5
001002,0.412,3,0,1.0,7
001223,0.33,4,0,1.0,7
000173,0.539,2,0,1.0,7
000154,0.506,1,49.51809,0.633,1
001343,0.366,6,0,1.0,7
000175,0.541,1,40.48881,0.799,1
001063,0.389,4,0,1.0,7
001246,0.422,6,0,1.0,7
001052,0.443,4,0,1.0,7
001353,0.433,6,0,1.0,7
000333,0.503,1,0,1.0,7
001288,0.31,4,5.69126,0.497,5
000135,0.557,2,20.84792,0.596,1
000942,0.382,3,0.0,0.0,5
000213,0.508,1,0,1.0,7
000277,0.561,2,0.0,0.195,3
000369,0.554,2,0,1.0,7
000266,0.548,1,0,1.0,7
000184,0.516,1,20.55057,0.93,1
001351,0.495,6,0,1.0,7
001344,0.308,6,0,1.0,7
000872,0.43,4,0,1.0,7
001067,0.478,3,0,1.0,7
000914,0.413,4,23.31742,0.898,3
001347,0.4,6,0,1.0,7
001369,0.317,4,0,1.0,7
001094,0.498,3,0,1.0,7
001051,0.445,4,0.0,0.0,1
001374,0.377,6,0,1.0,7
000128,0.548,1,29.85041,0.906,1
000178,0.541,2,0,1.0,7
000847,0.474,3,0,1.0,7
000062,0.495,1,0.0,0.0,1
000031,0.56,2,12.07735,0.432,1
001271,0.303,4,22.57067,0.48,5
001155,0.306,4,0.0,0.0,3
000994,0.384,4,13.2571,0.53,3
000126,0.551,2,0,1.0,7
001377,0.385,6,0,1.0,7
000203,0.508,2,0,1.0,7
000358,0.528,2,0.0,0.334,3
000922,0.329,4,0,1.0,7
000357,0.528,2,0.0,0.334,3
001072,0.434,4,0,1.0,7
000159,0.503,2,40.22679,0.687,1
000808,0.498,3,14.25839,0.418,3
001228,0.397,6,0,1.0,7
000180,0.554,2,0,1.0,7
000343,0.514,2,0,1.0,7
000174,0.52,1,7.37987,0.259,1
000968,0.431,4,33.66441,0.759,3
001392,0.428,6,0,1.0,7
000294,0.531,2,0,1.0,7
000804,0.452,3,18.32648,0.598,5
000151,0.527,1,22.32378,0.73,1
000359,0.529,2,0,1.0,7
000072,0.522,1,0.0,0.0,1
001279,0.365,6,0,1.0,7
001197,0.361,4,0,1.0,7
000342,0.514,2,0,1.0,7
001151,0.39,4,0,1.0,7
000058,0.501,1,0,1.0,7
001119,0.316,3,0,1.0,7
000236,0.536,1,0.1118,0.211,5
000809,0.498,3,46.37674,0.751,3
001381,0.451,6,0,1.0,7
000986,0.412,3,31.05784,0.815,3
000023,0.505,1,0,1.0,7
000169,0.515,1,2.2102,0.406,1
000902,0.444,4,33.57386,0.622,3
000836,0.493,3,0.0,0.0,5
000881,0.498,3,0.0,0.0,3
000167,0.516,1,17.842,0.93,1
001068,0.438,3,0,1.0,7
000388,0.505,1,17.02988,0.435,3
000821,0.486,3,0.0,0.0,3
001089,0.383,3,0,1.0,7
001264,0.386,6,0,1.0,7
000260,0.524,1,0,1.0,7
000179,0.504,1,0,1.0,7
001026,0.388,4,0,1.0,7
000113,0.523,2,53.85754,0.57,1
000875,0.461,3,0.0,0.0,5
000292,0.5,1,5.58088,0.509,3
001303,0.327,6,0.0,0.0,5
001032,0.416,3,0,1.0,7
000959,0.427,4,22.71055,0.88,3
000402,0.57,2,0,1.0,7
000356,0.535,1,0,1.0,7
000016,0.515,1,28.073,0.874,1
000354,0.518,2,0,1.0,7
001282,0.302,6,0,1.0,7
000003,0.515,1,33.5825,0.772,1
001308,0.379,6,0,1.0,7
001096,0.45,4,0,1.0,7
001074,0.474,3,0,1.0,7
000848,0.424,4,37.80776,0.526,3
001048,0.329,4,0,1.0,7
001358,0.437,6,0,1.0,7
000936,0.41,3,41.17784,0.455,5
001283,0.356,6,0,1.0,7
000044,0.504,2,0,1.0,7
000316,0.5,2,0,1.0,7
000374,0.513,2,0,1.0,7
000234,0.521,2,0,1.0,7
000097,0.501,1,0.0,0.252,3
000238,0.498,1,0,1.0,7
001313,0.333,6,0,1.0,7
000945,0.327,3,27.2251,0.446,5
000108,0.507,1,18.33207,0.765,1
000053,0.53,2,7.94306,0.72,1
001183,0.339,6,0,1.0,7
001039,0.438,3,0,1.0,7
000182,0.534,1,24.37846,0.785,1
000054,0.53,2,7.94306,0.72,1
000206,0.519,1,17.9314,0.473,3
000960,0.378,3,13.3426,0.39,5
001099,0.454,4,0,1.0,7
000098,0.501,1,0.0,0.252,3
001220,0.434,6,6.57342,0.376,5
001037,0.442,4,0,1.0,7
001356,0.424,6,0,1.0,7
001218,0.415,6,6.76229,0.745,5
001394,0.35,6,0,1.0,7
000245,0.516,1,0,1.0,7
000118,0.521,1,28.1708,0.892,1
000998,0.424,4,0.68007,0.245,3
000287,0.506,2,0,1.0,7
000993,0.393,3,23.64188,0.692,5
000811,0.455,3,0,1.0,7
000801,0.457,3,11.62362,0.74,5
000257,0.513,1,0,1.0,7
000185,0.511,2,29.70049,0.929,1
000961,0.381,3,0,1.0,7
000944,0.367,4,0,1.0,7
001178,0.386,4,0,1.0,7
000820,0.496,3,7.78621,0.187,5
000368,0.522,1,0,1.0,7
001049,0.454,3,0,1.0,7
000229,0.553,2,0,1.0,7
000160,0.503,2,40.22679,0.687,1
000221,0.543,1,0.0,0.0,3
001295,0.343,6,0,1.0,7
000896,0.493,3,21.64424,0.614,5
001107,0.313,4,0,1.0,7
000391,0.541,1,1.52643,0.18,3
001336,0.435,6,0,1.0,7
000209,0.554,2,0,1.0,7
001274,0.355,6,7.20827,0.634,5
001066,0.443,4,0,1.0,7
000043,0.525,1,27.61065,0.853,1
000346,0.535,1,0.0,0.0,3
000805,0.539,3,3.46771,0.279,5
001339,0.436,6,0,1.0,7
000814,0.486,3,18.39043,0.491,5
000319,0.531,2,0,1.0,7
000059,0.518,1,0,1.0,7
001403,0.375,6,0,1.0,7
001093,0.432,4,0,1.0,7
001059,0.486,3,0,1.0,7
000152,0.527,1,22.32378,0.73,1
001199,0.423,6,1.60702,0.365,5
000317,0.506,2,0,1.0,7
000204,0.542,1,0,1.0,7
000323,0.507,2,4.27763,0.56,3
000172,0.509,1,9.73893,0.566,1
000210,0.494,1,0,1.0,7
000032,0.506,1,27.21208,0.845,1
000338,0.424,1,0,1.0,7
000973,0.449,3,0,1.0,7
001222,0.291,6,0,1.0,7
000970,0.368,4,0,1.0,7
001385,0.291,6,0,1.0,7
000958,0.425,3,0,1.0,7
001003,0.525,3,0,1.0,7
001302,0.325,6,3.84254,0.802,5
001137,0.345,4,0,1.0,7
000880,0.476,3,1.08335,0.555,5
001159,0.383,4,0,1.0,7
000140,0.508,1,45.53312,0.569,1
000311,0.57,1,0,1.0,7
000116,0.505,1,0,1.0,7
001267,0.382,6,0,1.0,7
001362,0.345,6,0,1.0,7
001055,0.541,3,0,1.0,7
000825,0.43,3,0,1.0,7
000282,0.505,2,0,1.0,7
000384,0.52,2,0,1.0,7
001219,0.435,6,0,1.0,7
001148,0.344,4,0,1.0,7
001033,0.488,4,0,1.0,7
001056,0.421,3,0,1.0,7
001373,0.435,6,0,1.0,7
001270,0.375,6,0,1.0,7
000372,0.523,2,0.0,0.197,3
001173,0.309,4,5.25316,0.554,3
000235,0.517,2,0,1.0,7
001024,0.364,4,0,1.0,7
000314,0.577,2,0,1.0,7
000826,0.507,3,15.6484,0.393,3
000150,0.533,1,0.0,0.0,1
000983,0.416,4,17.3656,0.912,3
000020,0.507,1,0,1.0,7
000407,0.505,1,0,1.0,7
001319,0.446,6,0,1.0,7
000379,0.527,2,0,1.0,7
001179,0.328,4,0.0,0.0,3
001102,0.385,3,0,1.0,7
000176,0.512,1,0.0,0.22,1
000991,0.452,3,19.33975,0.577,3
000211,0.538,1,0,1.0,7
001034,0.435,3,0,1.0,7
000189,0.501,2,31.37837,0.933,1
000036,0.558,1,0.0,0.0,1
001071,0.342,4,0,1.0,7
001109,0.329,4,0,1.0,7
000297,0.509,2,0,1.0,7
000275,0.518,2,0,1.0,7
001106,0.472,4,0,1.0,7
000111,0.525,1,70.32417,0.836,1
000891,0.325,4,7.555,0.919,3
000941,0.433,3,0,1.0,7
001167,0.462,3,0,1.0,7
001304,0.378,6,0,1.0,7
001194,0.345,4,0,1.0,7
000965,0.423,4,19.26757,0.797,3
000103,0.526,1,28.55755,0.517,1
000853,0.45,3,0.0,0.0,5
001206,0.341,6,10.90987,0.634,5
000920,0.419,4,26.837,0.806,3
001126,0.308,4,0,1.0,7
001144,0.382,4,0,1.0,7
000226,0.536,1,0,1.0,7
001162,0.276,6,0,1.0,7
000905,0.429,4,24.10015,0.522,3
000939,0.313,3,18.80162,0.396,5
000005,0.525,1,36.83112,0.843,1
000215,0.5,2,0,1.0,7
001372,0.437,6,0,1.0,7
001195,0.413,4,0,1.0,7
001046,0.486,4,0,1.0,7
001080,0.392,3,0,1.0,7
001023,0.386,3,0,1.0,7
000143,0.51,1,20.4417,0.852,1
000394,0.539,2,0,1.0,7
000972,0.278,4,17.99986,0.679,5
001168,0.412,4,0,1.0,7
001154,0.397,4,0,1.0,7
001320,0.403,6,0,1.0,7
000166,0.53,1,0.0,0.0,1
000844,0.385,1,0.0,0.0,5
000010,0.511,1,0,1.0,7
001248,0.417,6,1.73279,0.668,5
001252,0.407,6,8.09225,0.445,5
001272,0.297,6,5.25546,0.75,5
000088,0.533,2,31.72189,0.595,1
000291,0.526,1,0.0,0.0,3
000288,0.506,2,0,1.0,7
001365,0.441,6,0,1.0,7
001256,0.429,6,0,1.0,7
001147,0.458,4,0,1.0,7
001175,0.441,4,0,1.0,7
001070,0.452,4,0,1.0,7
000989,0.332,4,0.0,0.0,3
000290,0.501,1,0,1.0,7
001060,0.481,4,0,1.0,7
000963,0.272,6,24.3426,0.266,5
000307,0.518,2,0,1.0,7
000002,0.556,1,22.17847,0.701,1
000924,0.373,3,12.99058,0.524,5
001375,0.481,6,0,1.0,7
001076,0.357,4,0,1.0,7
000057,0.534,1,26.20209,0.862,1
000375,0.526,1,0,1.0,7
001314,0.317,4,0,1.0,7
000096,0.548,1,20.82225,0.862,1
001171,0.295,6,0,1.0,7
000308,0.518,2,0,1.0,7
001327,0.33,4,0,1.0,7
000838,0.329,3,14.74118,0.423,3
001127,0.417,4,0,1.0,7
000078,0.543,1,0,1.0,7
000813,0.477,3,14.45069,0.28,5
000082,0.532,1,36.21775,0.742,1
001128,0.456,3,0,1.0,7
000977,0.444,4,22.71631,0.896,3
000822,0.539,3,9.6385,0.657,5
000050,0.485,1,0,1.0,7
000390,0.502,1,0,1.0,7
001249,0.298,6,2.63561,0.278,5
001260,0.432,6,3.75879,0.761,5
001363,0.482,6,0,1.0,7
001011,0.398,3,0,1.0,7
001005,0.44,3,0,1.0,7
001376,0.381,6,0,1.0,7
001086,0.402,3,3.93102,0.743,1
000145,0.531,1,24.66016,0.739,1
001318,0.407,6,0,1.0,7
000812,0.439,4,0,1.0,7
001116,0.352,4,0.67082,0.192,3
001157,0.484,4,0,1.0,7
001216,0.44,6,9.55121,0.49,5
000392,0.503,2,0,1.0,7
000874,0.496,3,0.0,0.0,5
000845,0.459,3,0.93417,0.24,5
001286,0.347,6,0,1.0,7
000095,0.518,1,35.47115,0.827,1
001138,0.345,6,0,1.0,7
000833,0.545,3,30.06338,0.662,5
000985,0.443,3,0,1.0,7
000859,0.487,3,33.07653,0.549,5
000883,0.57,3,0.0,0.0,3
001241,0.408,6,0,1.0,7
000220,0.502,1,0,1.0,7
001337,0.379,6,0.0,0.0,3
000218,0.514,1,0,1.0,7
000013,0.526,1,13.35712,0.748,1
000009,0.506,1,27.21208,0.845,1
001367,0.47,6,0,1.0,7
000114,0.523,2,53.85754,0.57,1
000217,0.514,1,0,1.0,7
001287,0.305,4,6.55388,0.554,5
000361,0.533,1,0,1.0,7
000186,0.504,1,53.12913,0.477,1
000824,0.468,3,0,1.0,7
001231,0.392,4,8.16413,0.363,5
001025,0.514,3,3.62802,0.4,1
000006,0.554,2,0,1.0,7
000330,0.499,1,0,1.0,7
001285,0.31,4,0,1.0,7
000858,0.302,3,25.37592,0.701,5
001269,0.265,6,3.68005,0.83,5
000995,0.406,4,21.69342,0.387,3
001309,0.388,6,0,1.0,7
001233,0.291,4,2.75835,0.467,5
000348,0.505,2,0,1.0,7
000120,0.511,1,7.72112,0.368,1
000029,0.53,1,24.90185,0.642,1
000035,0.546,1,34.8689,0.772,1
001081,0.402,4,0,1.0,7
000886,0.395,3,0,1.0,7
000132,0.524,1,28.93484,0.346,1
001384,0.387,6,1.3,0.284,3
000027,0.519,1,0,1.0,7
001142,0.41,4,0,1.0,7
001204,0.353,6,7.22524,0.553,5
000037,0.492,1,0,1.0,7
000884,0.43,3,0,1.0,7
001004,0.48,4,0,1.0,7
000256,0.533,1,0,1.0,7
000353,0.53,2,0,1.0,7
000334,0.593,2,0,1.0,7
000300,0.513,1,0,1.0,7
000987,0.361,3,38.1919,0.61,5
000310,0.492,1,0,1.0,7
000842,0.482,4,0,1.0,7
001177,0.351,4,0,1.0,7
000106,0.51,1,0,1.0,7
001254,0.319,6,3.44581,0.775,5
000147,0.5,1,34.0466,0.59,1
000365,0.51,1,0,1.0,7
001280,0.302,4,3.63738,0.471,5
001310,0.366,6,0,1.0,7
000888,0.359,3,23.39079,0.799,5
001111,0.392,4,0,1.0,7
001200,0.34,6,3.22304,0.639,5
000892,0.437,3,5.39282,0.278,5
000879,0.369,3,11.64731,0.717,5
000336,0.548,1,0,1.0,7
001340,0.301,4,0,1.0,7
000028,0.519,1,0,1.0,7
000911,0.47,3,25.37053,0.63,3
001092,0.381,3,0,1.0,7
000800,0.465,3,16.7069,0.77,3
001088,0.487,3,0,1.0,7
000352,0.53,2,0,1.0,7
000856,0.482,3,5.49913,0.341,5
001176,0.424,3,0,1.0,7
000313,0.533,2,0,1.0,7
000066,0.535,2,0,1.0,7
000134,0.522,2,30.32649,0.621,1
001328,0.397,6,0,1.0,7
000852,0.414,3,0.0,0.0,5
000408,0.505,1,0,1.0,7
000083,0.501,2,0,1.0,7
000377,0.508,2,0,1.0,7
001069,0.401,4,0,1.0,7
000306,0.538,1,0.0,0.0,5
001352,0.398,6,0,1.0,7
001008,0.39,3,0,1.0,7
000912,0.264,4,13.35084,0.178,5
000398,0.558,2,0.0,0.208,3
000397,0.558,2,0.0,0.208,3
001053,0.298,6,3.86846,0.201,1
000225,0.508,1,0,1.0,7
001114,0.492,3,0,1.0,7
000831,0.395,3,0,1.0,7
000165,0.535,1,0.0,0.0,1
001132,0.324,4,0,1.0,7
000355,0.493,1,0,1.0,7
001391,0.473,6,0,1.0,7
001276,0.359,6,0,1.0,7
001135,0.276,6,0,1.0,7
000950,0.42,4,24.03312,0.671,3
000861,0.398,3,0,1.0,7
000841,0.443,3,0,1.0,7
000331,0.55,1,0,1.0,7
000345,0.491,2,0,1.0,7
000935,0.418,3,0.0,0.0,3
001284,0.29,4,7.64645,0.558,5
001007,0.431,4,0,1.0,7
001031,0.424,4,0,1.0,7
001143,0.367,6,0,1.0,7
000201,0.523,2,0,1.0,7
000305,0.481,2,0,1.0,7
000383,0.507,2,0,1.0,7
000171,0.509,1,9.73893,0.566,1
000380,0.499,1,0,1.0,7
000971,0.49,3,9.66552,0.9,3
000927,0.389,3,14.54702,0.561,5
000988,0.401,3,0,1.0,7
000107,0.547,1,26.0746,0.503,1
000931,0.319,4,0,1.0,7
000276,0.528,1,0,1.0,7
000253,0.499,1,0,1.0,7
000124,0.51,1,34.94257,0.883,1
001163,0.334,4,0,1.0,7
000894,0.371,4,4.88832,0.748,5
000047,0.518,1,30.41724,0.795,1
000835,0.402,3,19.51679,0.431,5
001329,0.339,6,0,1.0,7
000170,0.54,1,0.0,0.0,1
000197,0.517,1,30.41487,0.829,1
000877,0.464,3,60.3032,0.569,3
000974,0.463,3,24.28091,0.89,3
000399,0.52,2,0,1.0,7
000228,0.498,2,0,1.0,7
000393,0.503,2,0,1.0,7
000205,0.508,1,0,1.0,7
000216,0.512,1,13.68995,0.374,3
000133,0.522,2,30.32649,0.621,1
000897,0.407,3,10.08179,0.5,5
000915,0.291,3,40.39713,0.435,5
001105,0.421,4,0,1.0,7
001158,0.311,6,0,1.0,7
000997,0.425,3,0.0,0.0,3
001000,0.48,3,0,1.0,7
000933,0.359,3,10.74782,0.594,5
001253,0.435,6,0,1.0,7
001262,0.376,6,2.79508,0.21,5
000063,0.532,1,7.3,0.481,1
000889,0.553,3,34.89242,0.666,5
000230,0.5,2,0,1.0,7
000115,0.537,1,21.58584,0.846,1
000026,0.526,1,0,1.0,7
001237,0.295,4,2.2576,0.675,5
000878,0.502,3,11.38442,0.231,5
001101,0.299,3,3.11328,0.315,3
001234,0.327,6,4.76595,0.485,5
000360,0.477,2,0,1.0,7
000984,0.376,3,24.87351,0.691,5
001402,0.384,6,0,1.0,7
000241,0.518,1,24.55408,0.629,3
000067,0.499,1,34.59295,0.498,1
000137,0.537,1,11.57906,0.423,1
001236,0.267,4,3.97871,0.885,5
001130,0.408,4,0,1.0,7
001210,0.372,6,0,1.0,7
000007,0.513,1,39.31298,0.744,1
000105,0.504,1,44.14513,0.791,1
000259,0.519,2,0,1.0,7
000347,0.505,2,0,1.0,7
000827,0.484,3,0,1.0,7
001323,0.411,6,0,1.0,7
001014,0.487,3,0,1.0,7
000285,0.515,2,0,1.0,7
001065,0.35,3,0,1.0,7
001230,0.293,4,13.08798,0.479,5
001257,0.366,6,5.0133,0.713,5
000851,0.436,3,1.5,0.214,5
000269,0.536,2,3.40917,0.268,3
000247,0.502,1,0,1.0,7
001153,0.39,4,0,1.0,7
001382,0.397,6,0.85,0.292,1
001022,0.455,4,0,1.0,7
000051,0.534,2,4.64554,0.689,1
000937,0.437,3,0,1.0,7
001300,0.289,6,5.20711,0.825,5
001217,0.377,6,1.58824,0.21,5
000012,0.503,1,0,1.0,7
001238,0.421,6,1.85599,0.422,5
000957,0.343,3,13.51258,0.637,5
000966,0.276,4,19.90332,0.501,5
000925,0.286,4,0,1.0,7
000802,0.463,3,0.0,0.0,3
001315,0.525,6,0,1.0,7
000840,0.355,3,5.07017,0.797,5
001278,0.328,6,2.45838,0.588,5
001383,0.412,6,0,1.0,7
001388,0.341,6,0,1.0,7
000326,0.549,1,0,1.0,7
001182,0.28,4,0,1.0,7
000139,0.51,2,24.23295,0.64,1
000231,0.537,1,0,1.0,7
000975,0.361,3,12.01791,0.483,5
000038,0.502,1,22.92342,0.618,1
000301,0.549,1,0.0,0.0,3
000834,0.32,3,20.69415,0.503,5
001202,0.357,6,0.0,0.0,3
001082,0.509,3,0,1.0,7
001346,0.423,6,0,1.0,7
001294,0.3,6,0,1.0,7
000918,0.395,3,21.74162,0.642,5
000304,0.549,2,0,1.0,7
001317,0.275,6,0,1.0,7
001040,0.417,3,0,1.0,7
000014,0.501,2,0,1.0,7
000843,0.368,3,0.0,0.0,3
001187,0.323,4,0,1.0,7
000850,0.456,3,0.0,0.0,3
000839,0.478,3,28.26026,0.185,5
000015,0.564,2,0,1.0,7
001335,0.302,4,0,1.0,7
000373,0.523,2,0.0,0.197,3
000000,0.495,1,46.84511,0.52,1
000855,0.41,3,11.03981,0.566,3
000371,0.546,1,0,1.0,7
000857,0.467,3,4.05123,0.368,5
000928,0.289,4,0,1.0,7
001209,0.372,6,12.68395,0.804,5
000089,0.537,1,26.54862,0.715,1
000806,0.424,4,0,1.0,7
001405,0.393,6,0,1.0,7
001115,0.436,4,0,1.0,7
001203,0.327,6,10.45956,0.681,5
000045,0.378,1,0,1.0,7
001401,0.287,6,0,1.0,7
000400,0.502,1,0.71432,0.479,1
001307,0.359,6,0,1.0,7
001225,0.368,6,0,1.0,7
000829,0.462,3,2.85,0.348,5
000123,0.541,1,0.0,0.0,5
000130,0.526,2,4.82701,0.75,1
000190,0.525,1,34.47122,0.495,1
001145,0.292,4,0,1.0,7
000084,0.509,1,29.37249,0.85,1
000929,0.423,4,25.75333,0.63,3
000962,0.45,3,23.31499,0.879,3
001196,0.452,4,0,1.0,7
000344,0.542,2,0,1.0,7
000862,0.471,3,1.3,0.285,5
001263,0.309,6,5.02932,0.879,5
000382,0.507,2,0,1.0,7
001208,0.445,6,3.96765,0.467,5
001073,0.445,4,0,1.0,7
001083,0.387,4,0,1.0,7
000022,0.539,1,16.85821,0.786,1
001261,0.318,6,0,1.0,7
000901,0.345,4,0,1.0,7
000849,0.386,3,3.06635,0.378,5
001333,0.384,6,0,1.0,7
000131,0.517,2,0,1.0,7
001057,0.522,3,0,1.0,7
000091,0.548,1,24.72807,0.571,1
000296,0.542,1,0,1.0,7
000967,0.354,4,0,1.0,7
001370,0.337,6,0,1.0,7
001038,0.361,3,0,1.0,7
000362,0.507,2,0,1.0,7
000930,0.359,3,25.76475,0.56,5
000090,0.526,1,28.568,0.837,1
000242,0.516,1,0,1.0,7
000916,0.294,4,0,1.0,7
000396,0.51,1,0,1.0,7
001181,0.378,4,0,1.0,7
000284,0.54,2,0,1.0,7
001251,0.446,6,4.30382,0.507,5
001035,0.331,4,0,1.0,7
001140,0.292,4,0,1.0,7
000378,0.508,2,0,1.0,7
001075,0.543,3,0,1.0,7
001113,0.42,3,36.98205,0.4,3
001366,0.413,6,0,1.0,7
001044,0.343,3,0,1.0,7
000268,0.532,2,0,1.0,7
000214,0.554,2,0,1.0,7
000279,0.543,2,0,1.0,7
000018,0.536,2,14.85418,0.445,1
000278,0.561,2,0.0,0.195,3
000112,0.557,1,41.67128,0.75,1
000191,0.526,1,0,1.0,7
000807,0.425,3,0,1.0,7
000949,0.367,4,0,1.0,7
001133,0.452,4,0,1.0,7
001087,0.508,3,0,1.0,7
001134,0.307,4,0,1.0,7
000283,0.505,2,0,1.0,7
000157,0.527,2,0,1.0,7
000370,0.499,2,0,1.0,7
000339,0.609,2,0,1.0,7
000948,0.371,3,26.27743,0.558,5
000315,0.497,1,1.12211,0.271,1
001250,0.435,6,0,1.0,7
001012,0.415,4,0,1.0,7
001368,0.392,6,0,1.0,7
000364,0.529,2,0,1.0,7
000052,0.54,1,26.33704,0.818,1
000932,0.418,4,0.0,0.0,5
000996,0.393,3,12.90682,0.521,5
000261,0.534,1,0,1.0,7
001098,0.412,3,0,1.0,7
000893,0.416,4,26.0805,0.221,5
000077,0.492,2,0.0,0.0,1
000156,0.528,2,43.0149,0.448,1
000926,0.418,4,24.87221,0.722,3
000978,0.338,4,29.50847,0.693,5
000149,0.503,1,30.1232,0.477,1
001170,0.36,3,0,1.0,7
000100,0.514,2,0,1.0,7
000060,0.518,1,0,1.0,7
000074,0.525,2,7.08163,0.589,1